Title,Description,Lista,Etiquetas,Sprint,Tipo,Story Points,Hito
"[US-001] Crear FacturacionService con DAOs base","Crear clase FacturacionService que encapsule FacturaDao, PrecioArticuloDao, DetalleFacturaOrdenDao y FacturaOrdenVentaDao. La clase debe ser instanciada una sola vez y consumida desde CtlFacturarFrame.\n\n=== CRITERIOS DE ACEPTACIÓN ===\n- FacturacionService creado en paquete service\n- DAOs movidos al servicio\n- CtlFacturarFrame consume servicio sin instanciar DAOs directamente\n- Pruebas manuales OK\n\n=== METADATOS ===\n- ID: US-001\n- Sprint: 1\n- Tipo: Refactor\n- Story Points: 8\n- Hito: 1","Terminado","Refactor;Hito 1;Sprint 1;8 SP",1,Refactor,8,1
"[US-002] Mover lógica de guardar/actualizar/anular factura a FacturacionService","Migrar los métodos guardarFactura, actualizarFactura y anularFactura desde CtlFacturarFrame hacia FacturacionService.\n\n=== CRITERIOS DE ACEPTACIÓN ===\n- Métodos migrados al servicio\n- CtlFacturarFrame solo orquesta\n- Validación manual de los 3 flujos\n- No hay regresión en facturación\n\n=== METADATOS ===\n- ID: US-002\n- Sprint: 1\n- Tipo: Refactor\n- Story Points: 8\n- Hito: 1","Terminado","Refactor;Hito 1;Sprint 1;8 SP",1,Refactor,8,1
"[US-003] Mover cálculo de totales/subtotales/impuestos a FacturacionService","Migrar la lógica de cálculo financiero desde el controller hacia el servicio. Los cálculos deben ser determinísticos y testeables.\n\n=== CRITERIOS DE ACEPTACIÓN ===\n- Métodos calcularSubtotal, calcularImpuesto, calcularTotal en servicio\n- Resultados idénticos a los actuales\n- Sin lógica financiera en el controller\n\n=== METADATOS ===\n- ID: US-003\n- Sprint: 1\n- Tipo: Refactor\n- Story Points: 5\n- Hito: 1","Terminado","Refactor;Hito 1;Sprint 1;5 SP",1,Refactor,5,1
"[US-004] Refactor: integración con órdenes de venta a través de FacturacionService","La lógica de conversión orden→factura debe estar en FacturacionService, no en CtlFacturarFrame.\n\n=== CRITERIOS DE ACEPTACIÓN ===\n- Conversión orden a factura migrada\n- FacturaOrdenVentaDao consumido desde servicio\n- Flujo end-to-end probado\n\n=== METADATOS ===\n- ID: US-004\n- Sprint: 1\n- Tipo: Refactor\n- Story Points: 5\n- Hito: 1","Terminado","Refactor;Hito 1;Sprint 1;5 SP",1,Refactor,5,1
"[US-005] BD: migración Flyway V2 - drop de índices duplicados PK+UNIQUE","Eliminar índices duplicados que penalizan escrituras. Crear migración V2 en src/main/resources/db/migration/common/.\n\n=== CRITERIOS DE ACEPTACIÓN ===\n- Migración V2 creada\n- Aplica en BD productiva sin errores\n- Performance de inserts mejora\n- Documentado el cambio\n\n=== METADATOS ===\n- ID: US-005\n- Sprint: 1\n- Tipo: BD\n- Story Points: 2\n- Hito: 1","Terminado","BD;Hito 1;Sprint 1;2 SP",1,BD,2,1
"[US-006] BD: migración Flyway V3 - índices en columnas de fecha","Crear índices en columnas de fecha usadas por reportes (fecha, fecha_vencimiento, etc.).\n\n=== CRITERIOS DE ACEPTACIÓN ===\n- Migración V3 creada\n- Reportes de fecha más rápidos\n- EXPLAIN muestra uso de índices\n\n=== METADATOS ===\n- ID: US-006\n- Sprint: 1\n- Tipo: BD\n- Story Points: 2\n- Hito: 1","Terminado","BD;Hito 1;Sprint 1;2 SP",1,BD,2,1
"[US-007] Pruebas manuales de regresión post-refactor en Swing","Ejecutar batería de pruebas manuales para validar que el refactor no rompió funcionalidad del Swing.\n\n=== CRITERIOS DE ACEPTACIÓN ===\n- Documento de pruebas creado\n- Casos críticos cubiertos (facturación, anulación, cierre)\n- Bugs encontrados documentados\n- Aprobación para merge\n\n=== METADATOS ===\n- ID: US-007\n- Sprint: 1\n- Tipo: QA\n- Story Points: 5\n- Hito: 1","Terminado","QA;Hito 1;Sprint 1;5 SP",1,QA,5,1
"[US-008] Setup del proyecto admintools-pos (frontend React Vite + TS + Tailwind)","Inicializar el proyecto frontend con Vite, TypeScript, Tailwind CSS, y estructura base de carpetas.\n\n=== CRITERIOS DE ACEPTACIÓN ===\n- Repo creado en GitHub\n- Vite + TS + Tailwind configurado\n- Estructura de carpetas estándar\n- README inicial\n- Deploy a Vercel staging\n\n=== METADATOS ===\n- ID: US-008\n- Sprint: 1\n- Tipo: Setup\n- Story Points: 3\n- Hito: 1","Terminado","Setup;Hito 1;Sprint 1;3 SP",1,Setup,3,1
"[US-009] Crear CierreCajaService desde lógica embebida en CtlFacturarFrame","Extraer la lógica de cierre de caja a su propio servicio. Resolver instanciaciones inline de CierreCajaDao.\n\n=== CRITERIOS DE ACEPTACIÓN ===\n- CierreCajaService creado\n- Sin new CierreCajaDao() inline\n- Cierre de caja diario funciona idéntico\n\n=== METADATOS ===\n- ID: US-009\n- Sprint: 2\n- Tipo: Refactor\n- Story Points: 5\n- Hito: 1","Terminado","Refactor;Hito 1;Sprint 2;5 SP",2,Refactor,5,1
"[US-010] Eliminar duplicación CtlFacturar/CtlFacturarFrame","Aplicar Opción C: ambos controllers usan FacturacionService, reduciendo duplicación naturalmente.\n\n=== CRITERIOS DE ACEPTACIÓN ===\n- Duplicación eliminada\n- Ambos controllers funcionan\n- Pruebas manuales pasan\n\n=== METADATOS ===\n- ID: US-010\n- Sprint: 2\n- Tipo: Refactor\n- Story Points: 8\n- Hito: 1","Terminado","Refactor;Hito 1;Sprint 2;8 SP",2,Refactor,8,1
"[US-011] Crear DTO FacturaFormData e interfaces IViewFacturar","Reducir las ~200 llamadas directas view.get*/set* mediante DTOs y interfaces.\n\n=== CRITERIOS DE ACEPTACIÓN ===\n- DTO creado\n- Interfaz IViewFacturar definida\n- getFormData/setFormData implementados\n\n=== METADATOS ===\n- ID: US-011\n- Sprint: 2\n- Tipo: Refactor\n- Story Points: 5\n- Hito: 1","Terminado","Refactor;Hito 1;Sprint 2;5 SP",2,Refactor,5,1
"[US-012] Extraer servicios a módulo Maven admintools-core","Crear módulo Maven compartible que contenga FacturacionService, CierreCajaService y otros servicios extraídos.\n\n=== CRITERIOS DE ACEPTACIÓN ===\n- Módulo Maven creado\n- Build pasa\n- Importable desde admintools-api\n- Versionado semántico\n\n=== METADATOS ===\n- ID: US-012\n- Sprint: 2\n- Tipo: Refactor\n- Story Points: 8\n- Hito: 1","Terminado","Refactor;Hito 1;Sprint 2;8 SP",2,Refactor,8,1
"[US-013] BD: migración Flyway V4 - MyISAM a InnoDB","Convertir tablas MyISAM a InnoDB para tener transaccionalidad e integridad referencial.\n\n=== CRITERIOS DE ACEPTACIÓN ===\n- Migración V4 creada\n- Backup completo previo\n- Aplica sin errores\n- Tablas convertidas verificadas\n\n=== METADATOS ===\n- ID: US-013\n- Sprint: 2\n- Tipo: BD\n- Story Points: 5\n- Hito: 1","Terminado","BD;Hito 1;Sprint 2;5 SP",2,BD,5,1
"[US-014] BD: migración Flyway V5 - float a DECIMAL en columnas monetarias","Migrar columnas float(11,2) y similares a DECIMAL para evitar descuadres por redondeo.\n\n=== CRITERIOS DE ACEPTACIÓN ===\n- Query de auditoría previa ejecutada\n- Sin valores fuera de rango\n- Migración V5 aplicada\n- Reportes financieros sin descuadres\n\n=== METADATOS ===\n- ID: US-014\n- Sprint: 2\n- Tipo: BD\n- Story Points: 8\n- Hito: 1","Terminado","BD;Hito 1;Sprint 2;8 SP",2,BD,8,1
"[US-015] Ajustar DAOs y servicios Java a BigDecimal","Cambiar tipos de datos en Java de double/float a BigDecimal en DAOs y servicios financieros.\n\n=== CRITERIOS DE ACEPTACIÓN ===\n- DAOs usan BigDecimal\n- Servicios usan BigDecimal\n- Cálculos sin pérdida de precisión\n- Tests OK\n\n=== METADATOS ===\n- ID: US-015\n- Sprint: 2\n- Tipo: BD\n- Story Points: 3\n- Hito: 1","Terminado","BD;Hito 1;Sprint 2;3 SP",2,BD,3,1
"[US-016] admintools-api: importar admintools-core como dependencia Maven","Configurar admintools-api para consumir el módulo admintools-core. Validar que los servicios son accesibles.\n\n=== CRITERIOS DE ACEPTACIÓN ===\n- Dependencia agregada al pom.xml\n- Build OK\n- Servicio inyectable con @Autowired\n\n=== METADATOS ===\n- ID: US-016\n- Sprint: 3\n- Tipo: Backend\n- Story Points: 3\n- Hito: 1","Terminado","Backend;Hito 1;Sprint 3;3 SP",3,Backend,3,1
"[US-017] admintools-api: configurar conexión multi-tenant a admin_tools_caja_*","Configurar el backend para conectarse simultáneamente a admin_tools y admin_tools_caja_2/4/5 según tenant.\n\n=== CRITERIOS DE ACEPTACIÓN ===\n- DataSource dinámico por tenant\n- Selección por header o subdomain\n- Pool de conexiones eficiente\n- Pruebas con 3 cajas\n\n=== METADATOS ===\n- ID: US-017\n- Sprint: 3\n- Tipo: Backend\n- Story Points: 8\n- Hito: 1","Backlog","Backend;Hito 1;Sprint 3;8 SP",3,Backend,8,1
"[US-018] admintools-api: ProductoController completo","CRUD completo de productos con búsqueda, categorías, imágenes y precios múltiples.\n\n=== CRITERIOS DE ACEPTACIÓN ===\n- Endpoints REST completos\n- Paginación implementada\n- Filtros funcionando\n- OpenAPI documentado\n- Tests de integración\n\n=== METADATOS ===\n- ID: US-018\n- Sprint: 3\n- Tipo: Backend\n- Story Points: 8\n- Hito: 1","Backlog","Backend;Hito 1;Sprint 3;8 SP",3,Backend,8,1
"[US-019] admintools-api: ClienteController completo","CRUD completo de clientes con datos fiscales y saldos iniciales.\n\n=== CRITERIOS DE ACEPTACIÓN ===\n- Endpoints CRUD\n- Validación de RTN\n- Búsqueda por nombre/RTN\n- Tests de integración\n\n=== METADATOS ===\n- ID: US-019\n- Sprint: 3\n- Tipo: Backend\n- Story Points: 5\n- Hito: 1","Backlog","Backend;Hito 1;Sprint 3;5 SP",3,Backend,5,1
"[US-020] admintools-api: FacturaController con CRUD y consultas paginadas","Exponer servicios de facturación vía REST. Consultas paginadas para historial.\n\n=== CRITERIOS DE ACEPTACIÓN ===\n- POST /facturas crea factura\n- GET /facturas paginado\n- GET /facturas/{id} detalle\n- PUT anular\n- Tests OK\n\n=== METADATOS ===\n- ID: US-020\n- Sprint: 3\n- Tipo: Backend\n- Story Points: 8\n- Hito: 1","Backlog","Backend;Hito 1;Sprint 3;8 SP",3,Backend,8,1
"[US-021] admintools-api: gestión de usuarios y roles","CRUD de usuarios con roles (admin, supervisor, cajero) y permisos.\n\n=== CRITERIOS DE ACEPTACIÓN ===\n- Tabla usuarios + roles\n- Endpoints de gestión\n- JWT con claims de rol\n- @PreAuthorize en endpoints\n\n=== METADATOS ===\n- ID: US-021\n- Sprint: 3\n- Tipo: Backend\n- Story Points: 5\n- Hito: 1","Backlog","Backend;Hito 1;Sprint 3;5 SP",3,Backend,5,1
"[US-022] BD: migraciones Flyway V6-V8 - FKs, ENUMs, typos","Agregar FKs críticas, convertir estados a ENUM, corregir typos como saldo_anterio.\n\n=== CRITERIOS DE ACEPTACIÓN ===\n- 10-12 FKs críticas agregadas\n- Estados convertidos a ENUM\n- Typos corregidos con vistas de retrocompatibilidad\n\n=== METADATOS ===\n- ID: US-022\n- Sprint: 3\n- Tipo: BD\n- Story Points: 5\n- Hito: 1","Backlog","BD;Hito 1;Sprint 3;5 SP",3,BD,5,1
"[US-023] Frontend: layout principal con sidebar, header, protección de rutas","Construir el shell de la aplicación con navegación lateral, header con perfil de usuario, y protección de rutas según rol.\n\n=== CRITERIOS DE ACEPTACIÓN ===\n- Layout responsive\n- Sidebar colapsable\n- Header con menú de usuario\n- Rutas protegidas por rol\n- Diseño coherente\n\n=== METADATOS ===\n- ID: US-023\n- Sprint: 4\n- Tipo: Frontend\n- Story Points: 5\n- Hito: 1","Terminado","Frontend;Hito 1;Sprint 4;5 SP",4,Frontend,5,1
"[US-024] Frontend: login con JWT, manejo de sesión, refresco de token","Pantalla de login funcional con manejo de JWT, almacenamiento seguro y refresco automático.\n\n=== CRITERIOS DE ACEPTACIÓN ===\n- Login OK\n- Token en HttpOnly cookie o localStorage seguro\n- Refresco automático antes de expiración\n- Logout limpia sesión\n\n=== METADATOS ===\n- ID: US-024\n- Sprint: 4\n- Tipo: Frontend\n- Story Points: 5\n- Hito: 1","Terminado","Frontend;Hito 1;Sprint 4;5 SP",4,Frontend,5,1
"[US-025] Frontend: pantalla de gestión de productos (CRUD con filtros)","Tabla paginada de productos con búsqueda, filtros y CRUD inline.\n\n=== CRITERIOS DE ACEPTACIÓN ===\n- Tabla con paginación servidor\n- Búsqueda en tiempo real\n- Modal de edición\n- Acciones en lote\n- UX validada con Urbina\n\n=== METADATOS ===\n- ID: US-025\n- Sprint: 4\n- Tipo: Frontend\n- Story Points: 8\n- Hito: 1","Terminado","Frontend;Hito 1;Sprint 4;8 SP",4,Frontend,8,1
"[US-026] Frontend: edición de producto (categorías, precios múltiples, código de barras, imágenes)","Formulario completo de edición de producto con todos los atributos.\n\n=== CRITERIOS DE ACEPTACIÓN ===\n- Formulario validado\n- Múltiples precios editables\n- Upload de imágenes funciona\n- Código de barras escaneable\n- Categorías navegables\n\n=== METADATOS ===\n- ID: US-026\n- Sprint: 4\n- Tipo: Frontend\n- Story Points: 8\n- Hito: 1","Terminado","Frontend;Hito 1;Sprint 4;8 SP",4,Frontend,8,1
"[US-027] Frontend: gestión de categorías de productos","CRUD de categorías con jerarquía padre-hijo si aplica.\n\n=== CRITERIOS DE ACEPTACIÓN ===\n- Listado y CRUD\n- Jerarquía visualizable\n- Asignación a productos\n\n=== METADATOS ===\n- ID: US-027\n- Sprint: 4\n- Tipo: Frontend\n- Story Points: 3\n- Hito: 1","Terminado","Frontend;Hito 1;Sprint 4;3 SP",4,Frontend,3,1
"[US-028] Frontend: pantalla de gestión de clientes (CRUD con datos fiscales)","Gestión completa de clientes con datos fiscales y saldos.\n\n=== CRITERIOS DE ACEPTACIÓN ===\n- CRUD completo\n- Validación RTN\n- Búsqueda eficiente\n- Vista de saldos\n- Histórico de facturas del cliente\n\n=== METADATOS ===\n- ID: US-028\n- Sprint: 4\n- Tipo: Frontend\n- Story Points: 5\n- Hito: 1","Terminado","Frontend;Hito 1;Sprint 4;5 SP",4,Frontend,5,1
"[US-029] Frontend: gestión de usuarios del sistema","Pantalla para administrar usuarios, roles, contraseñas y estados.\n\n=== CRITERIOS DE ACEPTACIÓN ===\n- CRUD de usuarios\n- Asignación de roles\n- Reset de contraseñas\n- Activar/desactivar usuarios\n\n=== METADATOS ===\n- ID: US-029\n- Sprint: 4\n- Tipo: Frontend\n- Story Points: 5\n- Hito: 1","Terminado","Frontend;Hito 1;Sprint 4;5 SP",4,Frontend,5,1
"[US-030] Backend: endpoint de upload de imágenes","Endpoint que recibe imágenes, las redimensiona y almacena (filesystem o S3).\n\n=== CRITERIOS DE ACEPTACIÓN ===\n- POST /upload acepta imagen\n- Redimensiona a 3 tamaños\n- URL pública generada\n- Validación de tipos y tamaño\n- Tests OK\n\n=== METADATOS ===\n- ID: US-030\n- Sprint: 4\n- Tipo: Backend\n- Story Points: 3\n- Hito: 1","Terminado","Backend;Hito 1;Sprint 4;3 SP",4,Backend,3,1
"[US-031] Frontend: pantalla de configuración general","Pantalla para configurar datos de empresa, logo, RTN, CAI, y otros parámetros generales.\n\n=== CRITERIOS DE ACEPTACIÓN ===\n- Formulario de datos empresa\n- Upload de logo\n- Validación de RTN/CAI\n- Configuración persiste correctamente\n\n=== METADATOS ===\n- ID: US-031\n- Sprint: 5\n- Tipo: Frontend\n- Story Points: 5\n- Hito: 1","Backlog","Frontend;Hito 1;Sprint 5;5 SP",5,Frontend,5,1
"[US-032] Frontend: configuración de impuestos y métodos de pago","CRUD de impuestos configurables y métodos de pago aceptados.\n\n=== CRITERIOS DE ACEPTACIÓN ===\n- ISV 15%, 18%, exonerado configurables\n- Métodos de pago CRUD\n- Asignables a productos/facturas\n\n=== METADATOS ===\n- ID: US-032\n- Sprint: 5\n- Tipo: Frontend\n- Story Points: 5\n- Hito: 1","Backlog","Frontend;Hito 1;Sprint 5;5 SP",5,Frontend,5,1
"[US-033] admintools-api: módulo de cuentas por cobrar","Backend completo de CxC: saldos, abonos, historial, alertas.\n\n=== CRITERIOS DE ACEPTACIÓN ===\n- CRUD de saldos\n- Aplicación de abonos\n- Estado de cuenta\n- Reporte de morosidad\n- Tests OK\n\n=== METADATOS ===\n- ID: US-033\n- Sprint: 5\n- Tipo: Backend\n- Story Points: 8\n- Hito: 1","Backlog","Backend;Hito 1;Sprint 5;8 SP",5,Backend,8,1
"[US-034] admintools-api: integración facturación con CxC (venta a crédito automática)","Cuando se factura a crédito, debe crear automáticamente el saldo en CxC.\n\n=== CRITERIOS DE ACEPTACIÓN ===\n- Venta a crédito genera saldo\n- Saldo aplica abono al cobrar\n- Historial trazable\n- Tests E2E\n\n=== METADATOS ===\n- ID: US-034\n- Sprint: 5\n- Tipo: Backend\n- Story Points: 5\n- Hito: 1","Backlog","Backend;Hito 1;Sprint 5;5 SP",5,Backend,5,1
"[US-035] admintools-api: módulo de inventario con stock en tiempo real","Backend de inventario con consultas de stock, movimientos automáticos al facturar y valoración por costo.\n\n=== CRITERIOS DE ACEPTACIÓN ===\n- Endpoints de stock\n- Movimientos automáticos\n- Valoración FIFO/promedio\n- Alertas de stock mínimo\n\n=== METADATOS ===\n- ID: US-035\n- Sprint: 5\n- Tipo: Backend\n- Story Points: 8\n- Hito: 1","Backlog","Backend;Hito 1;Sprint 5;8 SP",5,Backend,8,1
"[US-036] Frontend POS: catálogo táctil con grid de productos por categorías","UI principal del POS optimizada para pantalla táctil con grid de productos navegable.\n\n=== CRITERIOS DE ACEPTACIÓN ===\n- Grid de productos por categoría\n- Imágenes visibles\n- Selección con un toque\n- Performance fluida con 100+ productos\n\n=== METADATOS ===\n- ID: US-036\n- Sprint: 5\n- Tipo: Frontend\n- Story Points: 8\n- Hito: 1","Backlog","Frontend;Hito 1;Sprint 5;8 SP",5,Frontend,8,1
"[US-037] Frontend POS: carrito con suma en vivo, descuentos, cantidades","Componente de carrito que actualiza totales en vivo, permite descuentos y modificación de cantidades.\n\n=== CRITERIOS DE ACEPTACIÓN ===\n- Suma en vivo\n- Descuentos por línea y total\n- Edición de cantidad\n- Eliminar items\n- Vaciar carrito\n\n=== METADATOS ===\n- ID: US-037\n- Sprint: 5\n- Tipo: Frontend\n- Story Points: 5\n- Hito: 1","Backlog","Frontend;Hito 1;Sprint 5;5 SP",5,Frontend,5,1
"[US-038] Frontend POS: búsqueda rápida con escáner de código de barras (USB HID)","Soporte para escáner de código de barras tipo USB HID que actúa como teclado.\n\n=== CRITERIOS DE ACEPTACIÓN ===\n- Escáner detecta y agrega producto\n- Sin perder foco del input\n- Compatible con escáneres comunes\n- Fallback de teclado\n\n=== METADATOS ===\n- ID: US-038\n- Sprint: 6\n- Tipo: Frontend\n- Story Points: 5\n- Hito: 1","Backlog","Frontend;Hito 1;Sprint 6;5 SP",6,Frontend,5,1
"[US-039] Frontend POS: pantalla de cobro con métodos de pago","Pantalla de cobro con efectivo, tarjeta, mixto y crédito.\n\n=== CRITERIOS DE ACEPTACIÓN ===\n- 4 métodos de pago\n- Cálculo de cambio\n- Pagos mixtos\n- Crédito requiere cliente\n- Tests E2E del flujo\n\n=== METADATOS ===\n- ID: US-039\n- Sprint: 6\n- Tipo: Frontend\n- Story Points: 8\n- Hito: 1","Backlog","Frontend;Hito 1;Sprint 6;8 SP",6,Frontend,8,1
"[US-040] Frontend POS: integración con impresora térmica","Imprimir facturas/tickets en impresora térmica (browser print o WebUSB).\n\n=== CRITERIOS DE ACEPTACIÓN ===\n- Impresión en formato 80mm\n- Logo y datos empresa\n- QR code si aplica\n- Compatible con modelos comunes\n\n=== METADATOS ===\n- ID: US-040\n- Sprint: 6\n- Tipo: Frontend\n- Story Points: 8\n- Hito: 1","Backlog","Frontend;Hito 1;Sprint 6;8 SP",6,Frontend,8,1
"[US-041] Frontend POS: anulación de factura con motivo y autorización supervisor","Flujo de anulación con captura de motivo y validación de credenciales de supervisor.\n\n=== CRITERIOS DE ACEPTACIÓN ===\n- Modal de anulación\n- Captura de motivo obligatoria\n- Auth de supervisor\n- Reverso de inventario y CxC\n\n=== METADATOS ===\n- ID: US-041\n- Sprint: 6\n- Tipo: Frontend\n- Story Points: 5\n- Hito: 1","Backlog","Frontend;Hito 1;Sprint 6;5 SP",6,Frontend,5,1
"[US-042] Frontend POS: apertura/cierre de caja con arqueo y conciliación","Apertura de turno con monto inicial y cierre con arqueo automático y conciliación.\n\n=== CRITERIOS DE ACEPTACIÓN ===\n- Apertura registra monto\n- Cierre calcula esperado vs real\n- Diferencias justificadas\n- Reporte imprimible\n\n=== METADATOS ===\n- ID: US-042\n- Sprint: 6\n- Tipo: Frontend\n- Story Points: 5\n- Hito: 1","Backlog","Frontend;Hito 1;Sprint 6;5 SP",6,Frontend,5,1
"[US-043] Frontend: importación masiva de productos desde Excel/CSV","Upload de Excel/CSV con plantilla pre-formateada para carga masiva de productos.\n\n=== CRITERIOS DE ACEPTACIÓN ===\n- Plantilla descargable\n- Validación previa al import\n- Reporte de errores\n- Importa hasta 5000 filas\n- Rollback si falla\n\n=== METADATOS ===\n- ID: US-043\n- Sprint: 6\n- Tipo: Frontend\n- Story Points: 5\n- Hito: 1","Backlog","Frontend;Hito 1;Sprint 6;5 SP",6,Frontend,5,1
"[US-044] Frontend: importación masiva de clientes desde Excel/CSV","Misma funcionalidad pero para clientes.\n\n=== CRITERIOS DE ACEPTACIÓN ===\n- Plantilla específica de clientes\n- Validación de RTN\n- Importa hasta 2000 clientes\n- Reporte de errores\n\n=== METADATOS ===\n- ID: US-044\n- Sprint: 6\n- Tipo: Frontend\n- Story Points: 3\n- Hito: 1","Backlog","Frontend;Hito 1;Sprint 6;3 SP",6,Frontend,3,1
"[US-045] Frontend: pantalla de inventario con valoración y alertas","Vista de inventario con stock actual, valoración y alertas de mínimo.\n\n=== CRITERIOS DE ACEPTACIÓN ===\n- Tabla de inventario\n- Búsqueda y filtros\n- Valoración total visible\n- Alertas destacadas en rojo\n\n=== METADATOS ===\n- ID: US-045\n- Sprint: 6\n- Tipo: Frontend\n- Story Points: 5\n- Hito: 1","Backlog","Frontend;Hito 1;Sprint 6;5 SP",6,Frontend,5,1
"[US-046] Frontend: gestión de cuentas por cobrar (consulta, abonos, estado)","Pantalla completa de CxC con consulta, registro de abonos y estado de cuenta del cliente.\n\n=== CRITERIOS DE ACEPTACIÓN ===\n- Listado de saldos pendientes\n- Aplicar abonos\n- Estado de cuenta imprimible\n- Filtros por cliente/fecha\n\n=== METADATOS ===\n- ID: US-046\n- Sprint: 7\n- Tipo: Frontend\n- Story Points: 8\n- Hito: 1","Backlog","Frontend;Hito 1;Sprint 7;8 SP",7,Frontend,8,1
"[US-047] Frontend: reporte diario consolidado","Reporte de cierre diario con ventas, métodos de pago, descuentos y anulaciones.\n\n=== CRITERIOS DE ACEPTACIÓN ===\n- Resumen del día\n- Desglose por método pago\n- Anulaciones detalladas\n- Exportable a PDF/Excel\n\n=== METADATOS ===\n- ID: US-047\n- Sprint: 7\n- Tipo: Frontend\n- Story Points: 5\n- Hito: 1","Backlog","Frontend;Hito 1;Sprint 7;5 SP",7,Frontend,5,1
"[US-048] Frontend: historial de facturas con búsqueda y filtros","Pantalla de búsqueda histórica de facturas con filtros avanzados.\n\n=== CRITERIOS DE ACEPTACIÓN ===\n- Búsqueda por fecha/cliente/número\n- Vista de detalle\n- Reimpresión\n- Anulación desde aquí\n\n=== METADATOS ===\n- ID: US-048\n- Sprint: 7\n- Tipo: Frontend\n- Story Points: 3\n- Hito: 1","Backlog","Frontend;Hito 1;Sprint 7;3 SP",7,Frontend,3,1
"[US-049] Auditoría de seguridad básica (OWASP top 10) y correcciones","Revisión de seguridad básica del sistema antes del go-live.\n\n=== CRITERIOS DE ACEPTACIÓN ===\n- Checklist OWASP completado\n- Vulnerabilidades críticas resueltas\n- Headers de seguridad configurados\n- Log de auditoría activo\n\n=== METADATOS ===\n- ID: US-049\n- Sprint: 7\n- Tipo: Backend\n- Story Points: 5\n- Hito: 1","Backlog","Backend;Hito 1;Sprint 7;5 SP",7,Backend,5,1
"[US-050] Configurar infraestructura productiva (VPS, dominio, SSL, backups)","Provisionar y configurar el ambiente productivo de Urbina.\n\n=== CRITERIOS DE ACEPTACIÓN ===\n- VPS configurado\n- Dominio apuntando\n- SSL via Let's Encrypt\n- Backups diarios automáticos\n- Monitoreo básico\n\n=== METADATOS ===\n- ID: US-050\n- Sprint: 7\n- Tipo: DevOps\n- Story Points: 5\n- Hito: 1","Backlog","DevOps;Hito 1;Sprint 7;5 SP",7,DevOps,5,1
"[US-051] Plantillas Excel pre-formateadas para carga inicial","Crear plantillas Excel con validaciones y ejemplos para que Urbina cargue su catálogo.\n\n=== CRITERIOS DE ACEPTACIÓN ===\n- Plantilla productos con instrucciones\n- Plantilla clientes con instrucciones\n- Validaciones de Excel activadas\n- Ejemplos de filas\n\n=== METADATOS ===\n- ID: US-051\n- Sprint: 7\n- Tipo: Comm\n- Story Points: 2\n- Hito: 1","Backlog","Comm;Hito 1;Sprint 7;2 SP",7,Comm,2,1
"[US-052] Despliegue a producción del backend admintools-api + frontend POS","Despliegue formal del sistema en el ambiente productivo de Urbina.\n\n=== CRITERIOS DE ACEPTACIÓN ===\n- Backend desplegado y respondiendo\n- Frontend accesible vía dominio\n- Health checks OK\n- Logs centralizados\n\n=== METADATOS ===\n- ID: US-052\n- Sprint: 7\n- Tipo: DevOps\n- Story Points: 3\n- Hito: 1","Backlog","DevOps;Hito 1;Sprint 7;3 SP",7,DevOps,3,1
"[US-053] Capacitación de 3 horas a Urbina y su equipo","Sesión de capacitación grupal con cajeros, supervisor y administrador.\n\n=== CRITERIOS DE ACEPTACIÓN ===\n- Material de capacitación preparado\n- Sesión presencial o virtual\n- Q&A documentado\n- Asistentes pueden operar el sistema\n\n=== METADATOS ===\n- ID: US-053\n- Sprint: 7\n- Tipo: Comm\n- Story Points: 3\n- Hito: 1","Backlog","Comm;Hito 1;Sprint 7;3 SP",7,Comm,3,1
"[US-054] Manuales, videos tutoriales y acta de aceptación Hito 1","Documentación final para Urbina y firma de acta de aceptación del Hito 1.\n\n=== CRITERIOS DE ACEPTACIÓN ===\n- Manual de usuario completo\n- 3-5 videos tutoriales\n- Acta de aceptación firmada\n- Cobro de cuota Hito 1 ($1200)\n\n=== METADATOS ===\n- ID: US-054\n- Sprint: 7\n- Tipo: Comm\n- Story Points: 4\n- Hito: 1","Backlog","Comm;Hito 1;Sprint 7;4 SP",7,Comm,4,1
"[US-055] at-ordenes-ventas: multi-tenancy","Adaptar at-ordenes-ventas para soportar múltiples clientes Datatec con aislamiento de datos.\n\n=== CRITERIOS DE ACEPTACIÓN ===\n- Selección de tenant por subdomain\n- BD aislada por tenant\n- Sin contaminación de datos\n- Tests con 2 tenants\n\n=== METADATOS ===\n- ID: US-055\n- Sprint: 8\n- Tipo: Frontend\n- Story Points: 8\n- Hito: 2","Backlog","Frontend;Hito 2;Sprint 8;8 SP",8,Frontend,8,2
"[US-056] at-ordenes-ventas: galería de imágenes en detalle de producto","Mostrar galería de imágenes con miniaturas y vista ampliada en detalle de producto.\n\n=== CRITERIOS DE ACEPTACIÓN ===\n- Carrusel de imágenes\n- Zoom funcional\n- Lazy loading\n- Performance OK con muchas imágenes\n\n=== METADATOS ===\n- ID: US-056\n- Sprint: 8\n- Tipo: Frontend\n- Story Points: 5\n- Hito: 2","Backlog","Frontend;Hito 2;Sprint 8;5 SP",8,Frontend,5,2
"[US-057] at-ordenes-ventas: thumbnails en listados de productos","Mostrar thumbnail principal de cada producto en listados.\n\n=== CRITERIOS DE ACEPTACIÓN ===\n- Thumbnail visible\n- Carga rápida\n- Fallback si no hay imagen\n\n=== METADATOS ===\n- ID: US-057\n- Sprint: 8\n- Tipo: Frontend\n- Story Points: 3\n- Hito: 2","Backlog","Frontend;Hito 2;Sprint 8;3 SP",8,Frontend,3,2
"[US-058] at-ordenes-ventas: branding personalizado (logo Urbina, colores)","Aplicar branding configurable por tenant (logo, colores, nombre).\n\n=== CRITERIOS DE ACEPTACIÓN ===\n- Configuración de branding por tenant\n- Logo de Urbina aplicado\n- Paleta de colores configurable\n- CSS variables\n\n=== METADATOS ===\n- ID: US-058\n- Sprint: 8\n- Tipo: Frontend\n- Story Points: 5\n- Hito: 2","Backlog","Frontend;Hito 2;Sprint 8;5 SP",8,Frontend,5,2
"[US-059] Backend: relación productos-imágenes con orden y galería","Soporte de múltiples imágenes por producto con orden y designación de imagen principal.\n\n=== CRITERIOS DE ACEPTACIÓN ===\n- Tabla producto_imagen\n- API CRUD de imágenes\n- Orden ajustable\n- Imagen principal designable\n\n=== METADATOS ===\n- ID: US-059\n- Sprint: 8\n- Tipo: Backend\n- Story Points: 5\n- Hito: 2","Backlog","Backend;Hito 2;Sprint 8;5 SP",8,Backend,5,2
"[US-060] Backend: endpoints de pedidos para Urbina","API completa para que la app de pedidos consuma y envíe pedidos al sistema de Urbina.\n\n=== CRITERIOS DE ACEPTACIÓN ===\n- POST /pedidos crea pedido\n- GET /pedidos consulta\n- PATCH cambio de estado\n- Webhooks de notificación\n\n=== METADATOS ===\n- ID: US-060\n- Sprint: 8\n- Tipo: Backend\n- Story Points: 5\n- Hito: 2","Backlog","Backend;Hito 2;Sprint 8;5 SP",8,Backend,5,2
"[US-061] Soporte continuo Hito 1: hotfixes y mejoras menores","Buffer reservado para resolver bugs reportados durante la primera semana de operación productiva.\n\n=== CRITERIOS DE ACEPTACIÓN ===\n- Bugs críticos resueltos en menos de 24h\n- Mejoras menores priorizadas\n- Comunicación constante con Urbina\n\n=== METADATOS ===\n- ID: US-061\n- Sprint: 8\n- Tipo: Soporte\n- Story Points: 5\n- Hito: 2","Backlog","Soporte;Hito 2;Sprint 8;5 SP",8,Soporte,5,2
"[US-062] Backend: análisis ABC de productos","Implementar el algoritmo de análisis ABC (Pareto) sobre los datos de venta.\n\n=== CRITERIOS DE ACEPTACIÓN ===\n- Endpoint /reports/abc\n- Clasificación A/B/C calculada\n- Configurable por período\n- Tests con datos sintéticos\n\n=== METADATOS ===\n- ID: US-062\n- Sprint: 9\n- Tipo: Backend\n- Story Points: 5\n- Hito: 2","Backlog","Backend;Hito 2;Sprint 9;5 SP",9,Backend,5,2
"[US-063] Backend: rotación de inventario","Calcular rotación de inventario por producto con clasificación rápido/medio/lento.\n\n=== CRITERIOS DE ACEPTACIÓN ===\n- Endpoint /reports/rotation\n- Cálculo correcto por producto\n- Clasificación 3 niveles\n- Configurable por período\n\n=== METADATOS ===\n- ID: US-063\n- Sprint: 9\n- Tipo: Backend\n- Story Points: 5\n- Hito: 2","Backlog","Backend;Hito 2;Sprint 9;5 SP",9,Backend,5,2
"[US-064] Backend: proyección de necesidad de compras basada en histórico","Sugerencias de compra basadas en promedio de venta y stock actual.\n\n=== CRITERIOS DE ACEPTACIÓN ===\n- Endpoint /reports/purchase-suggestions\n- Cálculo basado en últimos 30 días\n- Considera stock actual y mínimo\n- Exportable\n\n=== METADATOS ===\n- ID: US-064\n- Sprint: 9\n- Tipo: Backend\n- Story Points: 5\n- Hito: 2","Backlog","Backend;Hito 2;Sprint 9;5 SP",9,Backend,5,2
"[US-065] Frontend: dashboards ejecutivos con KPIs en tiempo real","Dashboard principal con KPIs clave (ventas, ticket promedio, productos top, alertas).\n\n=== CRITERIOS DE ACEPTACIÓN ===\n- Dashboard con 6-8 KPIs\n- Actualización en tiempo real\n- Filtros por período\n- Diseño profesional\n\n=== METADATOS ===\n- ID: US-065\n- Sprint: 9\n- Tipo: BI\n- Story Points: 5\n- Hito: 2","Backlog","BI;Hito 2;Sprint 9;5 SP",9,BI,5,2
"[US-066] Frontend: visualizaciones de ABC, rotación y proyección","Pantallas dedicadas con gráficos para ABC, rotación de inventario y proyecciones.\n\n=== CRITERIOS DE ACEPTACIÓN ===\n- 3 pantallas con gráficos\n- Charts.js o similar\n- Interactivos\n- Exportables\n\n=== METADATOS ===\n- ID: US-066\n- Sprint: 9\n- Tipo: BI\n- Story Points: 5\n- Hito: 2","Backlog","BI;Hito 2;Sprint 9;5 SP",9,BI,5,2
"[US-067] Exportaciones a Excel formateado y PDF con branding Urbina","Exportación profesional de reportes con branding del cliente.\n\n=== CRITERIOS DE ACEPTACIÓN ===\n- Excel formateado con estilos\n- PDF con logo y colores\n- Headers/footers configurables\n- Apache POI o similar\n\n=== METADATOS ===\n- ID: US-067\n- Sprint: 9\n- Tipo: BI\n- Story Points: 5\n- Hito: 2","Backlog","BI;Hito 2;Sprint 9;5 SP",9,BI,5,2
"[US-068] Programación de envío automático de reportes por correo","Configurar envíos diarios o semanales de reportes por email.\n\n=== CRITERIOS DE ACEPTACIÓN ===\n- Configuración de programación\n- Envío automático funcionando\n- Histórico de envíos\n- Failover si falla SMTP\n\n=== METADATOS ===\n- ID: US-068\n- Sprint: 9\n- Tipo: BI\n- Story Points: 3\n- Hito: 2","Backlog","BI;Hito 2;Sprint 9;3 SP",9,BI,3,2
"[US-069] UAT final con Urbina + corrección de bugs encontrados","Sesión de pruebas de aceptación final con Urbina para validar todo el sistema.\n\n=== CRITERIOS DE ACEPTACIÓN ===\n- UAT documentado\n- Bugs encontrados resueltos\n- Acta de aceptación Hito 2 firmada\n- Cobro de cuota final ($900)\n\n=== METADATOS ===\n- ID: US-069\n- Sprint: 9\n- Tipo: QA\n- Story Points: 3\n- Hito: 2","Backlog","QA;Hito 2;Sprint 9;3 SP",9,QA,3,2
"[US-070] BD: float a DECIMAL lote 2 — kardex y movimientos","Continuación de US-014/015. Migrar columnas monetarias de kardex, articulo_kardex y detalle_movimiento_kardex de float a DECIMAL(15,2). Verificar que entidades Java relacionadas usen BigDecimal.\n\n=== CRITERIOS DE ACEPTACIÓN ===\n- Migración Flyway (V14 o siguiente disponible) creada\n- Auditoría pre-migración ejecutada\n- Sin valores fuera de rango\n- DAOs verificados (sin getDouble/setDouble residual)\n- Reportes de inventario sin descuadres\n\n=== METADATOS ===\n- ID: US-070\n- Sprint: 10\n- Tipo: BD\n- Story Points: 5\n- Hito: 1","Backlog","BD;Hito 1;Sprint 10;5 SP",10,BD,5,1
"[US-071] BD: float a DECIMAL lote 3 — cuentas por cobrar y recibos","Continuación de US-014/015. Migrar columnas monetarias de cuentas_por_cobrar, cuentas_por_cobrar_facturas, cuenta_factura, recibo_pago, cobro_factura, pagos_creditos de float a DECIMAL(15,2).\n\n=== CRITERIOS DE ACEPTACIÓN ===\n- Migración Flyway creada\n- Auditoría pre-migración ejecutada\n- Sin valores fuera de rango\n- DAOs verificados\n- Estado de cuenta sin descuadres\n\n=== METADATOS ===\n- ID: US-071\n- Sprint: 10\n- Tipo: BD\n- Story Points: 5\n- Hito: 1","Backlog","BD;Hito 1;Sprint 10;5 SP",10,BD,5,1
"[US-072] BD/Java: float a DECIMAL lote 4 — articulo.precio + entidad Articulo a BigDecimal","Lote más invasivo: migrar columnas monetarias de la tabla articulo (precio_articulo, costo, etc.) Y refactorizar la entidad Java Articulo.precioVenta de double a BigDecimal. Toca DAOs, controllers y código de cálculo en muchos archivos.\n\n=== CRITERIOS DE ACEPTACIÓN ===\n- Migración Flyway creada\n- Articulo.precioVenta como BigDecimal\n- DAOs y mappers actualizados\n- Todos los call sites de aritmética migrados a BigDecimal.add/multiply\n- Tests de regresión\n- Facturación sigue funcionando idéntico\n\n=== METADATOS ===\n- ID: US-072\n- Sprint: 10\n- Tipo: BD/Java\n- Story Points: 8\n- Hito: 1","Backlog","BD;Hito 1;Sprint 10;8 SP",10,BD,8,1
"[US-073] BD: float a DECIMAL lote 5 — caja, bancos y restantes","Cerrar la migración de float→DECIMAL en las tablas restantes: cierre_caja, entradas_caja, salidas_caja, cuentas_bancos, movimientos_bancos, datos_factura, y cualquier columna float monetaria residual detectada por auditoría global.\n\n=== CRITERIOS DE ACEPTACIÓN ===\n- Auditoría global ejecutada (información_schema sobre todo el esquema)\n- Migración Flyway final creada\n- Cero columnas float monetarias en el esquema\n- DAOs verificados\n- Cierre de caja y conciliación bancaria sin descuadres\n\n=== METADATOS ===\n- ID: US-073\n- Sprint: 10\n- Tipo: BD\n- Story Points: 5\n- Hito: 1","Backlog","BD;Hito 1;Sprint 10;5 SP",10,BD,5,1
"[US-074] API: validar stock al guardar orden con lock pesimista (multi-usuario simultaneo)","Cerrar el race condition real cuando dos vendedores tienen el mismo producto en sus carritos (todavia sin guardar) y presionan Guardar dentro de la misma ventana de transaccion (~50-200ms). Cada session de React no ve los carritos in-progress de otros usuarios, asi que ambos UI muestran disponibilidad completa. Bajo isolation REPEATABLE READ de MySQL ambos threads de la API leen el mismo snapshot de existencia y validan OK → ambos insertan → sobreventa.\n\nLa funcion SQL f_existencia_y_ordenes (V7) descuenta ordenes pendientes ya guardadas pero no protege contra inserts concurrentes. Necesitamos lock pesimista de la fila articulo durante la validacion + insert.\n\n=== CRITERIOS DE ACEPTACIÓN ===\n- OrderService.save validar stock dentro de @Transactional\n- Por cada productId del pedido: SELECT articulo ... FOR UPDATE (lock pesimista de la fila)\n- INSERT: pedida vs articulo.existencia\n- UPDATE: pedida vs (articulo.existencia + cantidad actual de mi orden para ese productId)\n- Si conflicto: 409 con JSON [{productId, nombre, pedida, disponible}, ...]\n- React maneja 409 con toast detallado\n- Test concurrente: dos threads guardando simultaneamente el mismo producto sobre stock limitado debe terminar con uno OK y uno 409\n- Test happy path normal\n- Frontend conserva validacion in-session como early feedback (commit 214eb8e)\n\n=== NOTAS TÉCNICAS ===\n- f_existencia_y_ordenes en V7__recrear_funciones_procedures_triggers.sql ya descuenta ordenes pendientes con estado < 3\n- Lock via @Lock(LockModeType.PESSIMISTIC_WRITE) en metodo del CRUD o @Query nativo con FOR UPDATE\n- Locks se liberan al cerrar la @Transactional (cuando OrderService.save termina)\n- Granularidad: una fila articulo por producto del pedido. Contencion solo cuando varios usuarios pegan al mismo producto al mismo tiempo\n- Alternativa optimistic locking con @Version: menor contencion bajo carga pero requiere retry logic\n- No requiere cambios al schema (lock es runtime)\n\n=== METADATOS ===\n- ID: US-074\n- Sprint: 10\n- Tipo: Backend\n- Story Points: 5\n- Hito: 1","Backlog","Backend;Hito 1;Sprint 10;5 SP",10,Backend,5,1
"[US-075] Frontend: hardening del cliente HTTP (authFetch -> apiClient robusto)","Refactor del helper authFetch.js para resolver 3 bugs graves detectados en la auditoria de la app de pedidos. Comparten el patron de manejo de errores asumiendo el happy path.\n\n=== BUGS QUE CUBRE ===\n#3 Race condition en busqueda de productos (AgregarItemModal.jsx): el useEffect con dependencia searchQueryArticulo lee active=true dentro del .then(), pero la API puede retornar respuestas en orden distinto al enviado. Si tipeo 'para' y luego 'ibu', la respuesta de 'para' puede llegar despues y sobrescribir el dropdown con resultados viejos. Vendedor agrega producto incorrecto.\n\n#4 .json() sin validar response.ok: el flujo POST /orders/save hace .then(response => response.json()) sin chequear si el status es 4xx/5xx. Si el backend retorna 500 con HTML de error, .json() lanza excepcion atrapada por catch silencioso. Estado de UI inconsistente; toast de error pero datos pueden haberse guardado o no.\n\n#6 Token refresh sin retry: setInterval cada 50 min llama /auth/refresh. Si falla (red caida, API en mantenimiento), no hay retry. 10 min despues el token expira y la siguiente request da 401 -> abre modal (fix de US anterior) pero el usuario no entiende por que.\n\n=== CRITERIOS DE ACEPTACIÓN ===\n- authFetch refactorizado a apiClient con: validacion explicita de response.ok, throw de error tipado si !ok, parsing JSON solo si content-type es application/json\n- Cancelacion via AbortController en busquedas (productos y clientes); el componente cancela el request previo al iniciar uno nuevo\n- Retry de /auth/refresh con backoff exponencial (3 intentos: 1s, 3s, 9s), toast notificando al usuario si falla todos\n- Tests basicos con jest del happy path y 1-2 paths de error\n- Sin cambios al backend\n\n=== METADATOS ===\n- ID: US-075\n- Sprint: 10\n- Tipo: Frontend\n- Story Points: 5\n- Hito: 1","Backlog","Frontend;Hito 1;Sprint 10;5 SP",10,Frontend,5,1
"[US-076] Frontend: hardening defensivo (try/catch + guard de orden facturada)","Dos bugs medianos de la auditoria que comparten el patron 'asumir invariantes que pueden romperse'.\n\n=== BUGS QUE CUBRE ===\n#7 JSON.parse(localStorage.user) sin try/catch en 5 sitios (BuscarAutocomplete.jsx:31,133, AgregarItemModal.jsx:51, PruebaMenu.jsx:79,258). Si el JSON en localStorage se corrompe (devtools, conflicto entre tabs, downgrade de schema), el parse lanza excepcion no atrapada y la app crashea al cargar. Baja probabilidad pero impacto alto: app inutilizable hasta limpiar localStorage manualmente.\n\n#8 Guard contra editar ordenes en estado > 2 (PruebaMenu.jsx:142-150). handleOrderSelect permite cargar ordenes en active <= 2 (1=nueva, 2=modificada). No hay UI que muestre por que una orden en estado 3+ no se puede editar; el usuario intenta, backend rechaza con error generico, vendedor confundido.\n\n=== CRITERIOS DE ACEPTACIÓN ===\n- Helper getUserSafe() con try/catch que retorna null si el JSON es invalido; usar en todos los sitios donde se lee localStorage.user\n- Si localStorage.user esta corrupto, redirigir al login (no crashear)\n- handleOrderSelect muestra mensaje claro 'Esta orden ya fue facturada, no se puede editar' o el item aparece deshabilitado/grisado en la lista\n- Test manual: corromper localStorage y verificar que la app no crashea\n\n=== METADATOS ===\n- ID: US-076\n- Sprint: 10\n- Tipo: Frontend\n- Story Points: 2\n- Hito: 1","Backlog","Frontend;Hito 1;Sprint 10;2 SP",10,Frontend,2,1
"[US-077] Frontend: sanitizar console logs en produccion","Logs de debug exponen datos sensibles (ordenes completas con cliente, items, totales) en la consola del browser. Riesgo de privacidad si el vendedor comparte pantalla, hace video tutorial, o si alguien con acceso fisico al dispositivo abre devtools.\n\n=== BUGS QUE CUBRE ===\n#9 console.log con datos sensibles en multiples sitios de PruebaMenu.jsx (lineas 97, 144, 173, 279, 290 y otros). Incluyen orden completa con costomerName, items, totales, username.\n\n=== CRITERIOS DE ACEPTACIÓN ===\n- Helper logger.js con metodos debug/info/error que solo emiten en development (chequea process.env.NODE_ENV)\n- Reemplazar console.* en componentes con el helper\n- En build de produccion (npm run build) los console.log no deben aparecer en el bundle (o emitir vacio)\n- Revision manual: cargar la app en prod-mode, hacer login + crear orden + editar + eliminar; verificar que la consola del browser queda limpia\n\n=== METADATOS ===\n- ID: US-077\n- Sprint: 10\n- Tipo: Frontend\n- Story Points: 1\n- Hito: 1","Backlog","Frontend;Hito 1;Sprint 10;1 SP",10,Frontend,1,1
"[US-078] Seleccion multiple con Ctrl+click / Shift+click para aplicar descuento por lote","Permitir al cajero seleccionar varios articulos de la factura usando Ctrl+click (suma fila) o Shift+click (rango) y aplicar un mismo porcentaje de descuento solo a esos articulos seleccionados, en vez de la dicotomia actual ""solo uno"" vs ""toda la factura"".\n\n=== ALCANCE ===\n- ViewFacturarFrame: setSelectionMode(MULTIPLE_INTERVAL_SELECTION) + expose int[] getFilasSeleccionadas()\n- aplicarDescuentoPorcentaje/Fijo: nueva precedencia checkbox-todos > N seleccionadas > 1 seleccionada > error si 0\n- modificarPrecio / modificarCantidad / seleccionarPrecioEspecifico / incrementarCantidad: si hay >1 fila seleccionada, mostrar mensaje ""esta accion aplica a una sola fila"" y abortar (evitar foot-gun)\n- Tooltip / texto del checkbox: ""Aplicar a TODA la factura (ignorar seleccion)""\n\n=== CRITERIOS DE ACEPTACION ===\n- Ctrl+click agrega/quita filas de la seleccion\n- Shift+click selecciona rango\n- Descuento aplica solo a las filas seleccionadas\n- modificar precio/cantidad con multi-seleccion muestra mensaje y aborta\n- Sin seleccion + checkbox desmarcado muestra mensaje y aborta\n- Probado con 1, 2, 3+ filas\n\n=== METADATOS ===\n- ID: US-078\n- Sprint: 10\n- Tipo: UX\n- Story Points: 3\n- Hito: 2","Backlog","UX;Hito 2;Sprint 10;3 SP",10,UX,3,2
